id,gold,pred,text,votes,top_votes,K,confidence,correct
0,Business,Business,Fears for T N pension after talks Unions representing workers at Turner   Newall say they are 'disappointed' after talks with stricken parent firm Federal Mogul.,"{""World"": 0, ""Sports"": 0, ""Business"": 5, ""Sci/Tech"": 0}",5,5,1.0,1
1,Sci/Tech,Sci/Tech,"The Race is On: Second Private Team Sets Launch Date for Human Spaceflight (SPACE.com) SPACE.com - TORONTO, Canada -- A second\team of rocketeers competing for the  #36;10 million Ansari X Prize, a contest for\privately funded suborbital space flight, has officially announced the first\launch date for its manned rocket.","{""World"": 0, ""Sports"": 0, ""Business"": 0, ""Sci/Tech"": 5}",5,5,1.0,1
2,Sci/Tech,Sci/Tech,"Ky. Company Wins Grant to Study Peptides (AP) AP - A company founded by a chemistry researcher at the University of Louisville won a grant to develop a method of producing better peptides, which are short chains of amino acids, the building blocks of proteins.","{""World"": 0, ""Sports"": 0, ""Business"": 2, ""Sci/Tech"": 3}",3,5,0.6,1
3,Sci/Tech,Sci/Tech,"Prediction Unit Helps Forecast Wildfires (AP) AP - It's barely dawn when Mike Fitzpatrick starts his shift with a blur of colorful maps, figures and endless charts, but already he knows what the day will bring. Lightning will strike in places he expects. Winds will pick up, moist places will dry and flames will roar.","{""World"": 1, ""Sports"": 0, ""Business"": 1, ""Sci/Tech"": 3}",3,5,0.6,1
4,Sci/Tech,Business,"Calif. Aims to Limit Farm-Related Smog (AP) AP - Southern California's smog-fighting agency went after emissions of the bovine variety Friday, adopting the nation's first rules to reduce air pollution from dairy cow manure.","{""World"": 1, ""Sports"": 0, ""Business"": 4, ""Sci/Tech"": 0}",4,5,0.8,0
5,Sci/Tech,World,"Open Letter Against British Copyright Indoctrination in Schools The British Department for Education and Skills (DfES) recently launched a ""Music Manifesto"" campaign, with the ostensible intention of educating the next generation of British musicians. Unfortunately, they also teamed up with the music industry (EMI, and various artists) to make this popular. EMI has apparently negotiated their end well, so that children in our schools will now be indoctrinated about the illegality of downloading music.The ignorance and audacity of this got to me a little, so I wrote an open letter to the DfES about it. Unfortunately, it's pedantic, as I suppose you have to be when writing to goverment representatives. But I hope you find it useful, and perhaps feel inspired to do something similar, if or when the same thing has happened in your area.","{""World"": 5, ""Sports"": 0, ""Business"": 0, ""Sci/Tech"": 0}",5,5,1.0,0
6,Sci/Tech,World,"Loosing the War on Terrorism \\""Sven Jaschan, self-confessed author of the Netsky and Sasser viruses, is\responsible for 70 percent of virus infections in 2004, according to a six-month\virus roundup published Wednesday by antivirus company Sophos.""\\""The 18-year-old Jaschan was taken into custody in Germany in May by police who\said he had admitted programming both the Netsky and Sasser worms, something\experts at Microsoft confirmed. (A Microsoft antivirus reward program led to the\teenager's arrest.) During the five months preceding Jaschan's capture, there\were at least 25 variants of Netsky and one of the port-scanning network worm\Sasser.""\\""Graham Cluley, senior technology consultant at Sophos, said it was staggeri ...\\","{""World"": 5, ""Sports"": 0, ""Business"": 0, ""Sci/Tech"": 0}",5,5,1.0,0
7,Sci/Tech,World,"FOAFKey: FOAF, PGP, Key Distribution, and Bloom Filters \\FOAF/LOAF  and bloom filters have a lot of interesting properties for social\network and whitelist distribution.\\I think we can go one level higher though and include GPG/OpenPGP key\fingerpring distribution in the FOAF file for simple web-of-trust based key\distribution.\\What if we used FOAF and included the PGP key fingerprint(s) for identities?\This could mean a lot.  You include the PGP key fingerprints within the FOAF\file of your direct friends and then include a bloom filter of the PGP key\fingerprints of your entire whitelist (the source FOAF file would of course need\to be encrypted ).\\Your whitelist would be populated from the social network as your client\discovered new identit ...\\","{""World"": 2, ""Sports"": 0, ""Business"": 2, ""Sci/Tech"": 1}",2,5,0.4,0
8,Sci/Tech,Business,"E-mail scam targets police chief Wiltshire Police warns about ""phishing"" after its fraud squad chief was targeted.","{""World"": 0, ""Sports"": 1, ""Business"": 4, ""Sci/Tech"": 0}",4,5,0.8,0
9,Sci/Tech,Business,"Card fraud unit nets 36,000 cards In its first two years, the UK's dedicated card fraud unit, has recovered 36,000 stolen cards and 171 arrests - and estimates it saved 65m.","{""World"": 0, ""Sports"": 0, ""Business"": 5, ""Sci/Tech"": 0}",5,5,1.0,0
10,Sci/Tech,Sci/Tech,"Group to Propose New High-Speed Wireless Format  LOS ANGELES (Reuters) - A group of technology companies  including Texas Instruments Inc. &lt;TXN.N&gt;, STMicroelectronics  &lt;STM.PA&gt; and Broadcom Corp. &lt;BRCM.O&gt;, on Thursday said they  will propose a new wireless networking standard up to 10 times  the speed of the current generation.","{""World"": 0, ""Sports"": 0, ""Business"": 0, ""Sci/Tech"": 5}",5,5,1.0,1
11,Sci/Tech,Business,"Apple Launches Graphics Software, Video Bundle  LOS ANGELES (Reuters) - Apple Computer Inc.&lt;AAPL.O&gt; on  Tuesday began shipping a new program designed to let users  create real-time motion graphics and unveiled a discount  video-editing software bundle featuring its flagship Final Cut  Pro software.","{""World"": 0, ""Sports"": 0, ""Business"": 3, ""Sci/Tech"": 2}",3,5,0.6,0
12,Sci/Tech,Business,"Dutch Retailer Beats Apple to Local Download Market  AMSTERDAM (Reuters) - Free Record Shop, a Dutch music  retail chain, beat Apple Computer Inc. to market on Tuesday  with the launch of a new download service in Europe's latest  battleground for digital song services.","{""World"": 2, ""Sports"": 0, ""Business"": 3, ""Sci/Tech"": 0}",3,5,0.6,0
13,Sci/Tech,World,"Super ant colony hits Australia A giant 100km colony of ants  which has been discovered in Melbourne, Australia, could threaten local insect species.","{""World"": 3, ""Sports"": 0, ""Business"": 2, ""Sci/Tech"": 0}",3,5,0.6,0
14,Sci/Tech,Sci/Tech,"Socialites unite dolphin groups Dolphin groups, or ""pods"", rely on socialites to keep them from collapsing, scientists claim.","{""World"": 0, ""Sports"": 2, ""Business"": 0, ""Sci/Tech"": 3}",3,5,0.6,1
15,Sci/Tech,Sci/Tech,Teenage T. rex's monster growth Tyrannosaurus rex achieved its massive size due to an enormous growth spurt during its adolescent years.,"{""World"": 0, ""Sports"": 1, ""Business"": 1, ""Sci/Tech"": 2}",2,5,0.4,1
16,Sci/Tech,Sci/Tech,"Scientists Discover Ganymede has a Lumpy Interior Jet Propulsion Lab -- Scientists have discovered irregular lumps beneath the icy surface of Jupiter's largest moon, Ganymede. These irregular masses may be rock formations, supported by Ganymede's icy shell for billions of years...","{""World"": 0, ""Sports"": 0, ""Business"": 0, ""Sci/Tech"": 5}",5,5,1.0,1
17,Sci/Tech,World,"Mars Rovers Relay Images Through Mars Express European Space Agency -- ESAs Mars Express has relayed pictures from one of NASA's Mars rovers for the first time, as part of a set of interplanetary networking demonstrations.     The demonstrations pave the way for future Mars missions to draw on joint interplanetary networking capabilities...","{""World"": 3, ""Sports"": 0, ""Business"": 0, ""Sci/Tech"": 2}",3,5,0.6,0
18,Sci/Tech,Sci/Tech,"Rocking the Cradle of Life When did life begin? One evidential clue stems from the fossil records in Western Australia, although whether these layered sediments are biological or chemical has spawned a spirited debate. Oxford researcher, Nicola McLoughlin, describes some of the issues in contention.","{""World"": 0, ""Sports"": 0, ""Business"": 0, ""Sci/Tech"": 5}",5,5,1.0,1
19,Sci/Tech,Business,"Storage, servers bruise HP earnings update Earnings per share rise compared with a year ago, but company misses analysts' expectations by a long shot.","{""World"": 0, ""Sports"": 0, ""Business"": 5, ""Sci/Tech"": 0}",5,5,1.0,0
20,Sci/Tech,Business,"IBM to hire even more new workers By the end of the year, the computing giant plans to have its biggest headcount since 1991.","{""World"": 0, ""Sports"": 0, ""Business"": 5, ""Sci/Tech"": 0}",5,5,1.0,0
21,Sci/Tech,Sci/Tech,Sun's Looking Glass Provides 3D View Developers get early code for new operating system 'skin' still being crafted.,"{""World"": 0, ""Sports"": 0, ""Business"": 2, ""Sci/Tech"": 3}",3,5,0.6,1
22,Sci/Tech,Sci/Tech,IBM Chips May Someday Heal Themselves New technology applies electrical fuses to help identify and repair faults.,"{""World"": 0, ""Sports"": 0, ""Business"": 0, ""Sci/Tech"": 5}",5,5,1.0,1
23,Sci/Tech,Business,"Some People Not Eligible to Get in on Google IPO Google has billed its IPO as a way for everyday people to get in on the process, denying Wall Street the usual stranglehold it's had on IPOs. Public bidding, a minimum of just five shares, an open process with 28 underwriters - all this pointed to a new level of public participation. But this isn't the case.","{""World"": 0, ""Sports"": 0, ""Business"": 5, ""Sci/Tech"": 0}",5,5,1.0,0
24,Sci/Tech,Business,"Rivals Try to Turn Tables on Charles Schwab By MICHAEL LIEDTKE     SAN FRANCISCO (AP) -- With its low prices and iconoclastic attitude, discount stock broker Charles Schwab Corp. (SCH) represented an annoying stone in Wall Street's wing-tipped shoes for decades...","{""World"": 0, ""Sports"": 0, ""Business"": 5, ""Sci/Tech"": 0}",5,5,1.0,0
25,Sci/Tech,Business,News: Sluggish movement on power grid cyber security Industry cyber security standards fail to reach some of the most vulnerable components of the power grid.\,"{""World"": 0, ""Sports"": 0, ""Business"": 4, ""Sci/Tech"": 1}",4,5,0.8,0
26,Sports,World,Giddy Phelps Touches Gold for First Time Michael Phelps won the gold medal in the 400 individual medley and set a world record in a time of 4 minutes 8.26 seconds.,"{""World"": 5, ""Sports"": 0, ""Business"": 0, ""Sci/Tech"": 0}",5,5,1.0,0
27,Sports,Sports,"Tougher rules won't soften Law's game FOXBOROUGH -- Looking at his ridiculously developed upper body, with huge biceps and hardly an ounce of fat, it's easy to see why Ty Law, arguably the best cornerback in football, chooses physical play over finesse. That's not to imply that he's lacking a finesse component, because he can shut down his side of the field much as Deion Sanders ...","{""World"": 0, ""Sports"": 5, ""Business"": 0, ""Sci/Tech"": 0}",5,5,1.0,1
28,Sports,Sports,"Shoppach doesn't appear ready to hit the next level With the weeks dwindling until Jason Varitek enters free agency, the Red Sox continue to carefully monitor Kelly Shoppach , their catcher of the future, in his climb toward the majors. The Sox like most of what they have seen at Triple A Pawtucket from Shoppach, though it remains highly uncertain whether he can make the adjustments at the plate ...","{""World"": 0, ""Sports"": 5, ""Business"": 0, ""Sci/Tech"": 0}",5,5,1.0,1
29,Sports,Sports,"Mighty Ortiz makes sure Sox can rest easy Just imagine what David Ortiz could do on a good night's rest. Ortiz spent the night before last with his baby boy, D'Angelo, who is barely 1 month old. He had planned on attending the Red Sox' Family Day at Fenway Park yesterday morning, but he had to sleep in. After all, Ortiz had a son at home, and he ...","{""World"": 0, ""Sports"": 5, ""Business"": 0, ""Sci/Tech"": 0}",5,5,1.0,1
30,Sports,Sports,"They've caught his eye In  quot;helping themselves, quot; Ricky Bryant, Chas Gessner, Michael Jennings, and David Patten did nothing Friday night to make Bill Belichick's decision on what to do with his receivers any easier.","{""World"": 0, ""Sports"": 5, ""Business"": 0, ""Sci/Tech"": 0}",5,5,1.0,1
31,Sports,Sports,"Indians Mount Charge The Cleveland Indians pulled within one game of the AL Central lead by beating the Minnesota Twins, 7-1, Saturday night with home runs by Travis Hafner and Victor Martinez.","{""World"": 0, ""Sports"": 5, ""Business"": 0, ""Sci/Tech"": 0}",5,5,1.0,1
32,World,World,Sister of man who died in Vancouver police custody slams chief (Canadian Press) Canadian Press - VANCOUVER (CP) - The sister of a man who died after a violent confrontation with police has demanded the city's chief constable resign for defending the officer involved.,"{""World"": 3, ""Sports"": 0, ""Business"": 2, ""Sci/Tech"": 0}",3,5,0.6,1
33,World,World,"Man Sought  #36;50M From McGreevey, Aides Say (AP) AP - The man who claims Gov. James E. McGreevey sexually harassed him was pushing for a cash settlement of up to  #36;50 million before the governor decided to announce that he was gay and had an extramarital affair, sources told The Associated Press.","{""World"": 3, ""Sports"": 0, ""Business"": 2, ""Sci/Tech"": 0}",3,5,0.6,1
34,World,World,"Explosions Echo Throughout Najaf NAJAF, Iraq - Explosions and gunfire rattled through the city of Najaf as U.S. troops in armored vehicles and tanks rolled back into the streets here Sunday, a day after the collapse of talks - and with them a temporary cease-fire - intended to end the fighting in this holy city...","{""World"": 5, ""Sports"": 0, ""Business"": 0, ""Sci/Tech"": 0}",5,5,1.0,1
35,World,World,"Frail Pope Celebrates Mass at Lourdes LOURDES, France - A frail Pope John Paul II, breathing heavily and gasping at times, celebrated an open-air Mass on Sunday for several hundred thousand pilgrims, many in wheelchairs, at a shrine to the Virgin Mary that is associated with miraculous cures.    At one point he said ""help me"" in Polish while struggling through his homily in French...","{""World"": 5, ""Sports"": 0, ""Business"": 0, ""Sci/Tech"": 0}",5,5,1.0,1
36,World,Business,Venezuela Prepares for Chavez Recall Vote Supporters and rivals warn of possible fraud; government says Chavez's defeat could produce turmoil in world oil market.,"{""World"": 2, ""Sports"": 0, ""Business"": 3, ""Sci/Tech"": 0}",3,5,0.6,0
37,World,World,1994 Law Designed to Preserve Guard Jobs (AP) AP - A 1994 law strengthened job protections for National Guard and Reserve troops called to active duty. Here are major provisions of the Uniformed Services Employment and Reemployment Rights Act (USERRA).,"{""World"": 4, ""Sports"": 0, ""Business"": 1, ""Sci/Tech"": 0}",4,5,0.8,1
38,World,World,"Iran Warns Its Missiles Can Hit Anywhere in Israel  TEHRAN (Reuters) - A senior Iranian military official said  Sunday Israel and the United States would not dare attack Iran  since it could strike back anywhere in Israel with its latest  missiles, news agencies reported.","{""World"": 3, ""Sports"": 0, ""Business"": 0, ""Sci/Tech"": 2}",3,5,0.6,1
39,World,World,"Afghan Army Dispatched to Calm Violence KABUL, Afghanistan - Government troops intervened in Afghanistan's latest outbreak of deadly fighting between warlords, flying from the capital to the far west on U.S. and NATO airplanes to retake an air base contested in the violence, officials said Sunday...","{""World"": 5, ""Sports"": 0, ""Business"": 0, ""Sci/Tech"": 0}",5,5,1.0,1
40,Sports,Sports,"Johnson Helps D-Backs End Nine-Game Slide (AP) AP - Randy Johnson took a four-hitter into the ninth inning to help the Arizona Diamondbacks end a nine-game losing streak Sunday, beating Steve Trachsel and the New York Mets 2-0.","{""World"": 2, ""Sports"": 3, ""Business"": 0, ""Sci/Tech"": 0}",3,5,0.6,1
41,Business,Business,"Retailers Vie for Back-To-School Buyers (Reuters) Reuters - Apparel retailers are hoping their\back-to-school fashions will make the grade among\style-conscious teens and young adults this fall, but it could\be a tough sell, with students and parents keeping a tighter\hold on their wallets.","{""World"": 0, ""Sports"": 0, ""Business"": 5, ""Sci/Tech"": 0}",5,5,1.0,1
42,World,World,"Politics an Afterthought Amid Hurricane (AP) AP - If Hurricane Charley had struck three years ago, President Bush's tour through the wreckage of this coastal city would have been just the sort of post-disaster visit that other presidents have made to the scenes of storms, earthquakes, floods and fires.","{""World"": 1, ""Sports"": 0, ""Business"": 1, ""Sci/Tech"": 0}",1,5,0.2,1
43,Sci/Tech,Business,"Spam suspension hits Sohu.com shares (FT.com) FT.com - Shares in Sohu.com, a leading US-listed Chinese internet portal, fell more than 10 per cent on Friday after China's biggest mobile phone network operator imposed a one-year suspension on its multimedia messaging services because of customers being sent spam.","{""World"": 0, ""Sports"": 0, ""Business"": 5, ""Sci/Tech"": 0}",5,5,1.0,0
44,Sports,Sports,"Erstad's Double Lifts Angels to Win (AP) AP - Darin Erstad doubled in the go-ahead run in the eighth inning, lifting the Anaheim Angels to a 3-2 victory over the Detroit Tigers on Sunday. The win pulled Anaheim within a percentage point of Boston and Texas in the AL wild-card race.","{""World"": 0, ""Sports"": 5, ""Business"": 0, ""Sci/Tech"": 0}",5,5,1.0,1
45,Sports,Sports,Drew Out of Braves' Lineup After Injury (AP) AP - Outfielder J.D. Drew missed the Atlanta Braves' game against the St. Louis Cardinals on Sunday night with a sore right quadriceps.,"{""World"": 0, ""Sports"": 5, ""Business"": 0, ""Sci/Tech"": 0}",5,5,1.0,1
46,World,World,"Venezuelans Flood Polls, Voting Extended  CARACAS, Venezuela (Reuters) - Venezuelans voted in huge  numbers on Sunday in a historic referendum on whether to recall  left-wing President Hugo Chavez and electoral authorities  prolonged voting well into the night.","{""World"": 5, ""Sports"": 0, ""Business"": 0, ""Sci/Tech"": 0}",5,5,1.0,1
47,Sci/Tech,World,"Dell Exits Low-End China Consumer PC Market  HONG KONG (Reuters) - Dell Inc. &lt;DELL.O&gt;, the world's  largest PC maker, said on Monday it has left the low-end  consumer PC market in China and cut its overall growth target  for the country this year due to stiff competition in the  segment.","{""World"": 5, ""Sports"": 0, ""Business"": 0, ""Sci/Tech"": 0}",5,5,1.0,0
48,World,Business,"China Says Taiwan Spy Also Operated in U.S. - Media  BEIJING (Reuters) - Beijing on Monday accused a  Chinese-American arrested for spying for Taiwan of building an  espionage network in the United States, and said he could go on  trial very soon.","{""World"": 1, ""Sports"": 0, ""Business"": 4, ""Sci/Tech"": 0}",4,5,0.8,0
49,Sports,World,"Another Major Non-Factor Another major, another disappointment for Tiger Woods, the No. 1 ranked player in the world who has not won a major championship since his triumph at the 2002 U.S. Open.","{""World"": 5, ""Sports"": 0, ""Business"": 0, ""Sci/Tech"": 0}",5,5,1.0,0
50,World,World,"US fighter squadron to be deployed in South Korea next month (AFP) AFP - A squadron of US Air Force F-15E fighters based in Alaska will fly to South Korea next month for temporary deployment aimed at enhancing US firepower on the Korean peninsula, US authorities said.","{""World"": 4, ""Sports"": 0, ""Business"": 1, ""Sci/Tech"": 0}",4,5,0.8,1
51,Sports,Sports,Johnson Back to His Best as D-Backs End Streak  NEW YORK (Reuters) - Randy Johnson struck out 14 batters in  8 1/3 innings to help the Arizona Diamondbacks end a nine-game  losing streak with a 2-0 win over the host New York Mets in the  National League Sunday.,"{""World"": 0, ""Sports"": 5, ""Business"": 0, ""Sci/Tech"": 0}",5,5,1.0,1
52,World,World,"Restive Maldives eases curfew after rounding up dissidents (AFP) AFP - A curfew in the capital of the Maldives was eased but parliament sessions were put off indefinitely and emergency rule continued following last week's riots, officials and residents said.","{""World"": 5, ""Sports"": 0, ""Business"": 0, ""Sci/Tech"": 0}",5,5,1.0,1
53,Sci/Tech,Business,Vodafone hires Citi for Cesky bid (TheDeal.com) TheDeal.com - The U.K. mobile giant wants to find a way to disentagle the Czech wireless and fixed-line businesses.,"{""World"": 0, ""Sports"": 0, ""Business"": 5, ""Sci/Tech"": 0}",5,5,1.0,0
54,Business,World,"Dollar Briefly Hits 4-Wk Low Vs Euro  LONDON (Reuters) - The dollar dipped to a four-week low  against the euro on Monday before rising slightly on  profit-taking, but steep oil prices and weak U.S. data  continued to fan worries about the health of the world's  largest economy.","{""World"": 5, ""Sports"": 0, ""Business"": 0, ""Sci/Tech"": 0}",5,5,1.0,0
55,Sci/Tech,Sci/Tech,"Promoting a Shared Vision As Michael Kaleko kept running into people who were getting older and having more vision problems, he realized he could do something about it.","{""World"": 0, ""Sports"": 0, ""Business"": 1, ""Sci/Tech"": 3}",3,5,0.6,1
56,World,Business,India's Tata expands regional footprint via NatSteel buyout (AFP) AFP - India's Tata Iron and Steel Company Ltd. took a strategic step to expand its Asian footprint with the announcement it will buy the Asia-Pacific steel operations of Singapore's NatSteel Ltd.,"{""World"": 1, ""Sports"": 0, ""Business"": 4, ""Sci/Tech"": 0}",4,5,0.8,0
57,World,World,"Delegates Urge Cleric to Pull Out of Najaf BAGHDAD, Iraq - Delegates at Iraq's National Conference called on radical Shiite cleric Muqtada al-Sadr to abandon his uprising against U.S. and Iraqi troops and pull his fighters out of a holy shrine in Najaf...","{""World"": 5, ""Sports"": 0, ""Business"": 0, ""Sci/Tech"": 0}",5,5,1.0,1
58,Business,Business,"Treasuries Slip as Stocks Rally  NEW YORK (Reuters) - U.S. Treasury debt prices slipped on  Monday, though traders characterized the move as profit-taking  rather than any fundamental change in sentiment.","{""World"": 0, ""Sports"": 0, ""Business"": 5, ""Sci/Tech"": 0}",5,5,1.0,1
59,Business,Business,Dollar Rises Vs Euro on Asset Flows Data  NEW YORK (Reuters) - The dollar extended gains against the  euro on Monday after a report on flows into U.S. assets showed  enough of a rise in foreign investments to offset the current  account gap for the month.,"{""World"": 0, ""Sports"": 0, ""Business"": 5, ""Sci/Tech"": 0}",5,5,1.0,1
60,Sports,Sports,"Sutton Adds Haas, Cink to Ryder Cup Team  MILWAUKEE (Sports Network) - U.S. Ryder Cup captain Hal  Sutton finalized his team on Monday when he announced the  selections of Jay Haas and Stewart Cink as his captain's picks.","{""World"": 0, ""Sports"": 5, ""Business"": 0, ""Sci/Tech"": 0}",5,5,1.0,1
61,Sports,Sports,Haas and Cink Selected for Ryder Cup Team Jay Haas joined Stewart Cink as the two captain's picks for a U.S. team that will try to regain the cup from Europe next month.,"{""World"": 0, ""Sports"": 5, ""Business"": 0, ""Sci/Tech"": 0}",5,5,1.0,1
62,Sports,Sports,"Natalie Coughlin Wins 100M Backstroke (AP) AP - American Natalie Coughlin won Olympic gold in the 100-meter backstroke Monday night. Coughlin, the only woman ever to swim under 1 minute in the event, finished first in 1 minute, 0.37 seconds. Kirsty Coventry of Zimbabwe, who swims at Auburn University in Alabama, earned the silver in 1:00.50. Laure Manaudou of France took bronze in 1:00.88.","{""World"": 0, ""Sports"": 5, ""Business"": 0, ""Sci/Tech"": 0}",5,5,1.0,1
63,Sci/Tech,Business,"Oracle Overhauls Sales-Side Apps for CRM Suite (NewsFactor) NewsFactor - Oracle (Nasdaq: ORCL) has revamped its sales-side CRM applications in version 11i.10 of its sales, marketing, partner relationship management and e-commerce application.","{""World"": 0, ""Sports"": 0, ""Business"": 5, ""Sci/Tech"": 0}",5,5,1.0,0
64,World,World,"UN launches 210-million-dollar appeal for flood-hit Bangladesh (AFP) AFP - The United Nations launched an appeal here for 210 million dollars to help flood victims facing ""grave"" food shortages after two-thirds of Bangladesh was submerged, destroying crops and killing more than 700 people.","{""World"": 5, ""Sports"": 0, ""Business"": 0, ""Sci/Tech"": 0}",5,5,1.0,1
65,Sci/Tech,Business,Indian state rolls out wireless broadband Government in South Indian state of Kerala sets up wireless kiosks as part of initiative to bridge digital divide.,"{""World"": 2, ""Sports"": 0, ""Business"": 3, ""Sci/Tech"": 0}",3,5,0.6,0
66,World,World,"Hurricane Survivors Wait for Water, Gas PUNTA GORDA, Fla. - Urban rescue teams, insurance adjusters and National Guard troops scattered across Florida Monday to help victims of Hurricane Charley and deliver water and other supplies to thousands of people left homeless...","{""World"": 5, ""Sports"": 0, ""Business"": 0, ""Sci/Tech"": 0}",5,5,1.0,1
67,World,World,"Jackson Squares Off With Prosecutor SANTA MARIA, Calif. - Fans of Michael Jackson erupted in cheers Monday as the pop star emerged from a double-decker tour bus and went into court for a showdown with the prosecutor who has pursued him for years on child molestation charges...","{""World"": 4, ""Sports"": 0, ""Business"": 1, ""Sci/Tech"": 0}",4,5,0.8,1
68,Sports,Sports,Bobcats Trade Drobnjak to Hawks for Pick (AP) AP - The Charlotte Bobcats traded center Predrag Drobnjak to the Atlanta Hawks on Monday for a second round pick in the 2005 NBA draft.,"{""World"": 0, ""Sports"": 4, ""Business"": 1, ""Sci/Tech"": 0}",4,5,0.8,1
69,World,World,"Suspect charged in abduction, sexual assault of 11-year-old girl (Canadian Press) Canadian Press - LANGLEY, B.C. (CP) - Police have arrested a man in the kidnapping and sexual assault of an 11-year-old girl that frightened this suburban Vancouver community last week.","{""World"": 5, ""Sports"": 0, ""Business"": 0, ""Sci/Tech"": 0}",5,5,1.0,1
70,Sci/Tech,Business,"China's Red Flag Linux to focus on enterprise Red Flag Software Co., the company behind China's leading Linux client distribution, plans to focus more on its server operating system and enterprise customers, the company's acting president said.","{""World"": 1, ""Sports"": 0, ""Business"": 4, ""Sci/Tech"": 0}",4,5,0.8,0
71,Sci/Tech,Business,"AOL Properties Sign Girafa For Thumbnail Search Images AOL Properties Sign Girafa For Thumbnail Search Images\\Girafa.com Inc. announced today that the CompuServe, Netscape, AIM and ICQ properties of America Online, Inc., have signed an agreement with Girafa to use Girafa's thumbnail search images as an integrated part of their search results.\\Using Girafa's thumbnail search service, search users can ...","{""World"": 1, ""Sports"": 0, ""Business"": 4, ""Sci/Tech"": 0}",4,5,0.8,0
72,Sci/Tech,Sci/Tech,"Cassini Spies Two Little Saturn Moons (AP) AP - NASA's Cassini spacecraft has spied two new little moons around satellite-rich Saturn, the space agency said Monday.","{""World"": 2, ""Sports"": 0, ""Business"": 0, ""Sci/Tech"": 3}",3,5,0.6,1
73,World,Sci/Tech,On front line of AIDS in Russia An industrial city northwest of Moscow struggles as AIDS hits a broader population.,"{""World"": 1, ""Sports"": 0, ""Business"": 1, ""Sci/Tech"": 2}",2,5,0.4,0
74,Sci/Tech,World,"Nobel Laureate Decries Stem Cell Limits (AP) AP - A Nobel laureate in medicine said Monday the Bush administration's limits on funding for embryonic stem cell research effectively have stopped the clock on American scientists' efforts to develop treatments for a host of chronic, debilitating diseases.","{""World"": 2, ""Sports"": 0, ""Business"": 2, ""Sci/Tech"": 1}",2,5,0.4,0
75,Sports,Sports,"Jury Can Hear of Kobe Accuser's Sex Life (AP) AP - Prosecutors suffered another setback Monday in the Kobe Bryant sexual assault case, losing a last-ditch attempt to keep the NBA star's lawyers from telling jurors about the alleged victim's sex life.","{""World"": 0, ""Sports"": 4, ""Business"": 1, ""Sci/Tech"": 0}",4,5,0.8,1
76,World,World,"North Korea Talks Still On, China Tells Downer (Reuters) Reuters - China has said no date has been set for\working-level talks on the North Korean nuclear crisis and gave\no indication that the meeting has been canceled, Australian\Foreign Minister Alexander Downer said on Tuesday.","{""World"": 5, ""Sports"": 0, ""Business"": 0, ""Sci/Tech"": 0}",5,5,1.0,1
77,Sports,Sports,"Griffin to Anchor D-Line The Redskins expect huge things from 300-pound Cornelius Griffin, who was signed to aid the team's weakest unit - the defensive line.","{""World"": 0, ""Sports"": 5, ""Business"": 0, ""Sci/Tech"": 0}",5,5,1.0,1
78,World,World,"Last American defector in North Korea agrees to tell story (AFP) AFP - The last surviving American defector to communist North Korea wants to tell his story to put a human face on the Stalinist state which he believes is unfairly vilified abroad, British film-makers said.","{""World"": 5, ""Sports"": 0, ""Business"": 0, ""Sci/Tech"": 0}",5,5,1.0,1
79,World,Sports,Live: Olympics day four Richard Faulds and Stephen Parry are going for gold for Great Britain on day four in Athens.,"{""World"": 0, ""Sports"": 5, ""Business"": 0, ""Sci/Tech"": 0}",5,5,1.0,0
80,World,Business,"Kerry Widens Lead in California, Poll Finds (Reuters) Reuters - Democratic challenger John Kerry\has a commanding lead over President Bush in California of 54\percent to 38 percent among likely voters, a poll released on\Tuesday found.","{""World"": 2, ""Sports"": 0, ""Business"": 3, ""Sci/Tech"": 0}",3,5,0.6,0
81,Sports,World,"Capacity Crowds at Beach Volleyball Rock the Joint  ATHENS (Reuters) - At the beach volleyball, the 2004  Olympics is a sell-out, foot-stomping success.","{""World"": 3, ""Sports"": 2, ""Business"": 0, ""Sci/Tech"": 0}",3,5,0.6,0
82,Business,Business,"Dollar Near Recent Lows, Awaits ZEW/CPI  LONDON (Reuters) - The dollar held steady near this week's  four-week low against the euro on Tuesday with investors  awaiting a German investor confidence survey and U.S. consumer  inflation numbers to shed light on the direction.","{""World"": 0, ""Sports"": 0, ""Business"": 5, ""Sci/Tech"": 0}",5,5,1.0,1
83,Business,Business,"Intel to delay product aimed for high-definition TVs SAN FRANCISCO -- In the latest of a series of product delays, Intel Corp. has postponed the launch of a video display chip it had previously planned to introduce by year end, putting off a showdown with Texas Instruments Inc. in the fast-growing market for high-definition television displays.","{""World"": 1, ""Sports"": 0, ""Business"": 4, ""Sci/Tech"": 0}",4,5,0.8,1
84,World,World,Venezuela vote keeps Chavez as president CARACAS -- Venezuelans voted resoundingly to keep firebrand populist Hugo Chavez as their president in a victory that drew noisy reactions yesterday from both sides in the streets. International observers certified the results as clean and accurate.,"{""World"": 5, ""Sports"": 0, ""Business"": 0, ""Sci/Tech"": 0}",5,5,1.0,1
85,World,World,Jailing of HK democrat in China 'politically motivated' (AFP) AFP - Hong Kong democrats accused China of jailing one of their members on trumped-up prostitution charges in a bid to disgrace a political movement Beijing has been feuding with for seven years.,"{""World"": 3, ""Sports"": 0, ""Business"": 1, ""Sci/Tech"": 1}",3,5,0.6,1
86,Business,Business,Kmart Swings to Profit in 2Q; Stock Surges (AP) AP - Shares of Kmart Holding Corp. surged 17 percent Monday after the discount retailer reported a profit for the second quarter and said chairman and majority owner Edward Lampert is now free to invest the company's  #36;2.6 billion in surplus cash.,"{""World"": 0, ""Sports"": 0, ""Business"": 5, ""Sci/Tech"": 0}",5,5,1.0,1
87,World,World,"Fischer's Fiancee: Marriage Plans Genuine (AP) AP - Former chess champion Bobby Fischer's announcement thathe is engaged to a Japanese woman could win him sympathy among Japanese officials and help him avoid deportation to the United States, his fiancee and one of his supporters said Tuesday.","{""World"": 2, ""Sports"": 1, ""Business"": 2, ""Sci/Tech"": 0}",2,5,0.4,1
88,World,Sports,"U.S. Misses Cut in Olympic 100 Free ATHENS, Greece - Top American sprinters Jason Lezak and Ian Crocker missed the cut in the Olympic 100-meter freestyle preliminaries Tuesday, a stunning blow for a country that had always done well in the event.    Pieter van den Hoogenband of the Netherlands and Australian Ian Thorpe advanced to the evening semifinal a day after dueling teenager Michael Phelps in the 200 freestyle, won by Thorpe...","{""World"": 1, ""Sports"": 4, ""Business"": 0, ""Sci/Tech"": 0}",4,5,0.8,0
89,Sci/Tech,Business,"Consumers Would Pay In Phone Proposal A proposal backed by a coalition of telephone carriers would cut billions of dollars in fees owed by long-distance companies to regional phone giants but would allow the regional companies to make up some of the difference by raising monthly phone bills for millions of consumers. &lt;FONT face=""verdana,MS Sans Serif,arial,helvetica"" size=""-2""\ color=""#666666""&gt;&lt;B&gt;-The Washington Post&lt;/B&gt;&lt;/FONT&gt;","{""World"": 1, ""Sports"": 0, ""Business"": 4, ""Sci/Tech"": 0}",4,5,0.8,0
90,World,World,"U.S. Brokers Cease-fire in Western Afghanistan  KABUL (Reuters) - The United States has brokered a  cease-fire between a renegade Afghan militia leader and the  embattled governor of the western province of Herat,  Washington's envoy to Kabul said Tuesday.","{""World"": 5, ""Sports"": 0, ""Business"": 0, ""Sci/Tech"": 0}",5,5,1.0,1
91,Business,Business,Sneaky Credit Card Tactics Keep an eye on your credit card issuers -- they may be about to raise your rates.,"{""World"": 0, ""Sports"": 0, ""Business"": 5, ""Sci/Tech"": 0}",5,5,1.0,1
92,Sci/Tech,Business,"Intel Delays Launch of Projection TV Chip In another product postponement, semiconductor giant Intel Corp. said it won't be offering a chip for projection TVs by the end of 2004 as it had announced earlier this year.","{""World"": 0, ""Sports"": 0, ""Business"": 5, ""Sci/Tech"": 0}",5,5,1.0,0
93,Business,Business,"Fund pessimism grows NEW YORK (CNN/Money) - Money managers are growing more pessimistic about the economy, corporate profits and US stock market returns, according to a monthly survey by Merrill Lynch released Tuesday. ","{""World"": 0, ""Sports"": 0, ""Business"": 5, ""Sci/Tech"": 0}",5,5,1.0,1
94,Sports,World,Kederis proclaims innocence Olympic champion Kostas Kederis today left hospital ahead of his date with IOC inquisitors claiming his innocence and vowing:  quot;After the crucifixion comes the resurrection. quot; ...,"{""World"": 4, ""Sports"": 1, ""Business"": 0, ""Sci/Tech"": 0}",4,5,0.8,0
95,Sports,Sports,"Eriksson doesn #39;t feel any extra pressure following scandal NEWCASTLE, England (AP) - England coach Sven-Goran Eriksson said Tuesday he isn #39;t under any extra pressure in the aftermath of a scandal that damaged the Football Association #39;s reputation. ","{""World"": 1, ""Sports"": 3, ""Business"": 1, ""Sci/Tech"": 0}",3,5,0.6,1
96,Sports,Sports,"Injured Heskey to miss England friendly NEWCASTLE, England (AP) - Striker Emile Heskey has pulled out of the England squad ahead of Wednesday #39;s friendly against Ukraine because of a tight hamstring, the Football Association said Tuesday. ","{""World"": 0, ""Sports"": 5, ""Business"": 0, ""Sci/Tech"": 0}",5,5,1.0,1
97,Business,Business,"Staples Profit Up, to Enter China Market  NEW YORK (Reuters) - Staples Inc. &lt;A HREF=""http://www.investor.reuters.com/FullQuote.aspx?ticker=SPLS.O target=/stocks/quickinfo/fullquote""&gt;SPLS.O&lt;/A&gt;, the top U.S.  office products retailer, on Tuesday reported a 39 percent jump  in quarterly profit, raised its full-year forecast and said it  plans to enter the fast-growing Chinese market, sending its  shares higher.","{""World"": 0, ""Sports"": 0, ""Business"": 5, ""Sci/Tech"": 0}",5,5,1.0,1
98,World,World,"Delegation Is Delayed Before Reaching Najaf AGHDAD, Iraq, Aug. 17  A delegation of Iraqis was delayed for security reasons today but still intended to visit Najaf to try to convince a rebellious Shiite cleric and his militia to evacuate a shrine in the holy city and end ...","{""World"": 5, ""Sports"": 0, ""Business"": 0, ""Sci/Tech"": 0}",5,5,1.0,1
99,Business,Business,"Consumer Prices Down, Industry Output Up  WASHINGTON (Reuters) - U.S. consumer prices dropped in July  for the first time in eight months as a sharp run up in energy  costs reversed, the government said in a report that suggested  a slow rate of interest rate hikes is likely.","{""World"": 1, ""Sports"": 0, ""Business"": 4, ""Sci/Tech"": 0}",4,5,0.8,1
100,Sports,Sports,"Olympic history for India, UAE An Indian army major shot his way to his country #39;s first ever individual Olympic silver medal on Tuesday, while in the same event an member of Dubai #39;s ruling family became the first ever medallist from the United Arab Emirates. ","{""World"": 0, ""Sports"": 5, ""Business"": 0, ""Sci/Tech"": 0}",5,5,1.0,1
101,Business,Business,"Home Depot Likes High Oil Rising fuel prices, a bugbear for most of the retail sector, are helping Home Depot (HD:NYSE - news - research), the remodeling giant that reported a surge in second-quarter earnings Tuesday and guided the rest of the year higher. ","{""World"": 0, ""Sports"": 0, ""Business"": 5, ""Sci/Tech"": 0}",5,5,1.0,1
102,Sci/Tech,Business,"China cracks down on  quot;phone sex quot; services BEIJING, Aug. 17 (Xinhuanet) -- China is carrying out a nationwide campaign to crack down on  quot;phone sex quot; services, paralleling another sweeping operation against Internet pornography, Minister of Information Industry Wang Xudong said here Tuesday. ","{""World"": 2, ""Sports"": 0, ""Business"": 3, ""Sci/Tech"": 0}",3,5,0.6,0
103,Business,Business,Surviving Biotech's Downturns Charly Travers offers advice on withstanding the volatility of the biotech sector.,"{""World"": 0, ""Sports"": 0, ""Business"": 4, ""Sci/Tech"": 1}",4,5,0.8,1
104,World,World,"Mr Downer shoots his mouth off Just what Alexander Downer was thinking when he declared on radio last Friday that  quot;they could fire a missile from North Korea to Sydney quot; is unclear. The provocative remark, just days before his arrival yesterday on his second visit to the North Korean ...","{""World"": 5, ""Sports"": 0, ""Business"": 0, ""Sci/Tech"": 0}",5,5,1.0,1
105,Sports,World,"Edwards Banned from Games - Source  ATHENS (Reuters) - World 100 meters champion Torri Edwards  will miss the Athens Olympics after her appeal against a  two-year drugs ban was dismissed on Tuesday, a source told  Reuters.","{""World"": 5, ""Sports"": 0, ""Business"": 0, ""Sci/Tech"": 0}",5,5,1.0,0
106,World,Business,"Stocks Climb on Drop in Consumer Prices NEW YORK - Stocks rose for a second straight session Tuesday as a drop in consumer prices allowed investors to put aside worries about inflation, at least for the short term.    With gasoline prices falling to eight-month lows, the Consumer Price Index registered a small drop in July, giving consumers a respite from soaring energy prices...","{""World"": 0, ""Sports"": 0, ""Business"": 5, ""Sci/Tech"": 0}",5,5,1.0,0
107,Sports,Sports,"Iliadis, Tanimoto win judo golds Ilias Iliadis of Greece thrilled the home crowd Tuesday, beating Roman Gontyuk of Ukraine to win the gold medal in the 81-kilogram class. ","{""World"": 0, ""Sports"": 5, ""Business"": 0, ""Sci/Tech"": 0}",5,5,1.0,1
108,World,World,"Sudan vows to restore order to Darfur but calls for African peacekeepers (AFP) AFP - Sudan will take the lead in restoring order to its rebellious Darfur region but needs the support of African peacekeepers and humanitarian aid, Foreign Minister Mustafa Osman Ismail said.","{""World"": 4, ""Sports"": 0, ""Business"": 1, ""Sci/Tech"": 0}",4,5,0.8,1
109,Sci/Tech,Business,TGn Sync Proposes New WLAN Standard The battle over home entertainment networking is heating up as a coalition proposes yet another standard for the IEEE #39;s consideration. ,"{""World"": 0, ""Sports"": 1, ""Business"": 4, ""Sci/Tech"": 0}",4,5,0.8,0
110,Business,Business,Yahoo! Ups Ante for Small Businesses Web giant Yahoo! is gambling that price cuts on its domain name registration and Web hosting products will make it more competitive with discounters in the space -- which means that small businesses looking to move online get a sweeter deal through ...,"{""World"": 0, ""Sports"": 0, ""Business"": 5, ""Sci/Tech"": 0}",5,5,1.0,1
111,Sci/Tech,Business,"IBM Buys Two Danish Services Firms IBM said Tuesday it has acquired a pair of Danish IT services firms as part of its effort to broaden its presence in Scandinavia. As a result of the moves, IBM will add about 3,700 IT staffers to its global head count. Financial terms of ...","{""World"": 0, ""Sports"": 0, ""Business"": 5, ""Sci/Tech"": 0}",5,5,1.0,0
112,Sci/Tech,World,"Motorola and HP in Linux tie-up Motorola plans to sell mobile phone network equipment that uses Linux-based code, a step forward in network gear makers #39; efforts to rally around a standard. ","{""World"": 3, ""Sports"": 0, ""Business"": 1, ""Sci/Tech"": 1}",3,5,0.6,0
113,Sci/Tech,Business,"Microsoft Pushes Off SP2 Release Microsoft will delay the release of its SP2 update for another week to fix software glitches. But not everyone is quite so eager to install the SP2 update for Windows XP. In fact, many companies have demanded the ability to prevent their ...","{""World"": 0, ""Sports"": 0, ""Business"": 5, ""Sci/Tech"": 0}",5,5,1.0,0
114,Sci/Tech,Sci/Tech,"Cassini Space Probe Spots Two New Saturn Moons (Reuters) Reuters - Two new moons were spotted around\Saturn by the Cassini space probe, raising the total to 33\moons for the ringed planet, NASA said on Monday.","{""World"": 0, ""Sports"": 0, ""Business"": 0, ""Sci/Tech"": 5}",5,5,1.0,1
115,Sports,Sports,Buckeyes have lots to replace but are brimming with optimism There are remarkable similarities between the 2004 Ohio State Buckeyes and those that won the national championship just two years ago. ,"{""World"": 1, ""Sports"": 4, ""Business"": 0, ""Sci/Tech"": 0}",4,5,0.8,1
116,Sci/Tech,Business,IBM adds midrange server to eServer lineup The new IBM Power5 eServer i5 550 also features higher performance and new virtualization capabilities that allow it to run multiple operating systems at once on separate partitions.,"{""World"": 0, ""Sports"": 0, ""Business"": 5, ""Sci/Tech"": 0}",5,5,1.0,0
117,Sci/Tech,Sports,"iPod Comparison Newsday #146;s Stephen Williams reports on seeing Sony #146;s NW-HD1 audio player in a store:  #147; #145;How #146;s it compare to the iPod? #146; I asked a salesman.  #145;Battery life is a lot longer, up to 30 hours, #146; he said.  #145;The LCD readout is kind of dim, #146; I said.   #146;Battery life is a lot longer, #146; he said.  #145;I understand it can #146;t play MP3 files, #146; I said.  #145;Battery life is a lot longer, #146; he said. #148; Aug 17","{""World"": 1, ""Sports"": 2, ""Business"": 2, ""Sci/Tech"": 0}",2,5,0.4,0
118,Business,Business,"Mills Grabs \$1B Portfolio; Taubman Likely to Lose Contracts Mills Corp. agreed to purchase a 50 percent interest in nine malls owned by General Motors Asset Management Corp. for just over \$1 billion, creating a new joint venture between the groups. The deal will extend ...","{""World"": 0, ""Sports"": 0, ""Business"": 5, ""Sci/Tech"": 0}",5,5,1.0,1
119,Sports,Sports,Women stumble to silver ATHENS -- The mistakes were so minor. Carly Patterson #39;s foot scraping the lower of the uneven bars. Courtney Kupets #39; tumbling pass that ended here instead of there. Mohini Bhardwaj #39;s slight stumble on the beam. ,"{""World"": 2, ""Sports"": 3, ""Business"": 0, ""Sci/Tech"": 0}",3,5,0.6,1
120,World,Business,"Oil prices bubble to record high The price of oil has continued its sharp rise overnight, closing at a record high. The main contract in New York, light sweet crude for delivery next month, has closed at a record \$US46.75 a barrel - up 70 cents on yesterday #39;s close. ","{""World"": 0, ""Sports"": 0, ""Business"": 5, ""Sci/Tech"": 0}",5,5,1.0,0
121,Sports,Sports,"Notable quotes Tuesday at the Athens Olympics  quot;It hurt like hell. I could see (Thorpe) coming up. But when I was breathing, I saw my team going crazy -- and that really kept me going. quot; ...","{""World"": 0, ""Sports"": 5, ""Business"": 0, ""Sci/Tech"": 0}",5,5,1.0,1
122,Sci/Tech,Sci/Tech,"AMD Ships Notebook Chips It wasn #39;t the first to go small, and it won #39;t be the biggest producer, but AMD #39;s (Quote, Chart) 64-bit 90-nanometer (nm) chips are expected to make waves in the semiconductor pool. ","{""World"": 0, ""Sports"": 0, ""Business"": 2, ""Sci/Tech"": 3}",3,5,0.6,1
123,World,World,"UK charges 8 in terror plot linked to alert in US LONDON, AUGUST 17: Britain charged eight terror suspects on Tuesday with conspiracy to commit murder and said one had plans that could be used in striking US buildings that were the focus of security scares this month. ","{""World"": 5, ""Sports"": 0, ""Business"": 0, ""Sci/Tech"": 0}",5,5,1.0,1
124,Sci/Tech,Business,"IBM Seeks To Have SCO Claims Dismissed (NewsFactor) NewsFactor - IBM (NYSE: IBM) has -- again -- sought to have the pending legal claims by The SCO Group dismissed. According to a motion it filed in a U.S. district court, IBM argues that SCO has no evidence to support its claims that it appropriated confidential source code from Unix System V and placed it in Linux.","{""World"": 0, ""Sports"": 0, ""Business"": 5, ""Sci/Tech"": 0}",5,5,1.0,0
125,Business,Sports,SUVs: Live And Let Die NEW YORK - The newly released traffic crash fatality data have something for everyone in the debate about the safety of sport utility vehicles. ,"{""World"": 0, ""Sports"": 5, ""Business"": 0, ""Sci/Tech"": 0}",5,5,1.0,0
126,Sports,Sports,Security scare as intruder dives in A CANADIAN husband #39;s love for his wife has led to a tightening of security at all Olympic venues in Athens. ,"{""World"": 0, ""Sports"": 5, ""Business"": 0, ""Sci/Tech"": 0}",5,5,1.0,1
127,Sports,Sports,"Team USA barely wins, but struggles not all players #39; fault Now that everybody in and around USA Basketball has breathed a huge sigh of relief, let #39;s not get carried away. ","{""World"": 0, ""Sports"": 5, ""Business"": 0, ""Sci/Tech"": 0}",5,5,1.0,1
128,Sports,Sports,"UPI NewsTrack Sports -- The United States men #39;s basketball team capped off a big day for the USA by fighting off Greece for a vital win, 77-71.  quot;They played with heart, quot; said Coach Larry Brown.  quot;That #39;s all you can ask. quot; ...","{""World"": 0, ""Sports"": 5, ""Business"": 0, ""Sci/Tech"": 0}",5,5,1.0,1
129,World,World,"Peace delegation leaves Najaf empty-handed as fighting continues BAGHDAD, Iraq - A national political conference #39;s bid to end the fighting in the Shiite Muslim holy city of Najaf appeared to have failed Tuesday. ","{""World"": 5, ""Sports"": 0, ""Business"": 0, ""Sci/Tech"": 0}",5,5,1.0,1
130,World,World,"Georgian president calls for international conference on South Ossetia TBILISI, Georgia  Georgian President Mikhail Saakashvili appealed to world leaders Tuesday to convene an international conference on the conflict in breakaway South Ossetia, where daily exchanges of gunfire threaten to spark ...","{""World"": 5, ""Sports"": 0, ""Business"": 0, ""Sci/Tech"": 0}",5,5,1.0,1
131,World,World,"Shelling, shooting resumes in breakaway Georgian region (AFP) AFP - Georgian and South Ossetian forces overnight accused each other of trying to storm the other side's positions in Georgia's breakaway region of South Ossetia, as four Georgian soldiers were reported to be wounded.","{""World"": 5, ""Sports"": 0, ""Business"": 0, ""Sci/Tech"": 0}",5,5,1.0,1
132,Sports,Sports,"Youkilis, McCarty placed on 15-day disabled list BOSTON -- It was another busy day on the medical front for the Red Sox, as a series of roster moves were announced prior to Tuesday night #39;s game against the Blue Jays. ","{""World"": 0, ""Sports"": 5, ""Business"": 0, ""Sci/Tech"": 0}",5,5,1.0,1
133,World,Sports,"Kerry-Kerrey Confusion Trips Up Campaign (AP) AP - John Kerry, Bob Kerrey. It's easy to get confused.","{""World"": 0, ""Sports"": 4, ""Business"": 1, ""Sci/Tech"": 0}",4,5,0.8,0
134,Sports,World,"Former Florida Swimming Coach Dies at 83 (AP) AP - William H. Harlan, the retired University of Florida swimming coach who led the Gators to eight conference titles, died Tuesday, school officials said. He was 83.","{""World"": 5, ""Sports"": 0, ""Business"": 0, ""Sci/Tech"": 0}",5,5,1.0,0
135,Sports,Sports,"US Men Have Right Touch in Relay Duel Against Australia THENS, Aug. 17 - So Michael Phelps is not going to match the seven gold medals won by Mark Spitz. And it is too early to tell if he will match Aleksandr Dityatin, the Soviet gymnast who won eight total medals in 1980. But those were not the ...","{""World"": 0, ""Sports"": 5, ""Business"": 0, ""Sci/Tech"": 0}",5,5,1.0,1
136,World,World,"Schrder adopts Russian orphan Three-year-old Victoria, from St Petersburg, has been living at the Schrders #39; family home in Hanover in northern Germany for several weeks. ","{""World"": 4, ""Sports"": 0, ""Business"": 1, ""Sci/Tech"": 0}",4,5,0.8,1
137,Sports,Sports,"Cabrera Leads Red Sox Past Blue Jays 5-4 (AP) AP - Orlando Cabrera hit a run-scoring double off the Green Monster in the ninth inning on reliever Justin Speier's second pitch of the game, giving the Boston Red Sox a 5-4 win over the Toronto Blue Jays on Tuesday night.","{""World"": 0, ""Sports"": 5, ""Business"": 0, ""Sci/Tech"": 0}",5,5,1.0,1
138,Sports,World,United Arab Emirates trap shooter secures nation #39;s first Olympic gold Sheik Ahmed bin Hashr Al-Maktoum earned the first-ever Olympic medal for the United Arab Emirates when he took home the gold medal in men #39;s double trap shooting on Tuesday in Athens. ,"{""World"": 5, ""Sports"": 0, ""Business"": 0, ""Sci/Tech"": 0}",5,5,1.0,0
139,World,Business,"Sharon orders 1,000 homes in West Bank Israel announced plans for 1,000 houses in the West Bank yesterday, accelerating the expansion of the settlements. ","{""World"": 0, ""Sports"": 0, ""Business"": 5, ""Sci/Tech"": 0}",5,5,1.0,0
140,Sports,Sports,"So. Cal Player Investigated in Sex Assault (AP) AP - At least one member of the top-ranked Southern California football team is under investigation for sexual assault, the Los Angeles Police Department said Tuesday.","{""World"": 1, ""Sports"": 4, ""Business"": 0, ""Sci/Tech"": 0}",4,5,0.8,1
141,World,Business,"Bush Promotes His Plan for Missile Defense System President Bush, in Pennsylvania, said that opponents of a missile defense system were putting the nation's security at risk.","{""World"": 0, ""Sports"": 0, ""Business"": 5, ""Sci/Tech"": 0}",5,5,1.0,0
142,Sports,World,China Sighs in Relief as Yao Scores High BEIJING (Reuters) - China breathed a measured sigh of relief after the skills of its basketball giant Yao Ming dwarfed New Zealand to sweep his team nearer to their goal of reaching the Athens Olympics semi-finals. ,"{""World"": 3, ""Sports"": 1, ""Business"": 1, ""Sci/Tech"": 0}",3,5,0.6,0
143,World,World,"Israelis OK new homes in West Bank A leaked Israeli plan to build 1,000 new Jewish settler homes in the West Bank yesterday sent Bush administration officials scrambling for a response in the sensitive period before November #39;s presidential election. ","{""World"": 5, ""Sports"": 0, ""Business"": 0, ""Sci/Tech"": 0}",5,5,1.0,1
144,World,World,"Britain accuses 8 of terror plot LONDON - British police charged eight terrorist suspects yesterday with conspiring to commit murder and use radioactive materials, toxic gases, chemicals or explosives to cause  quot;fear or injury. quot; ...","{""World"": 5, ""Sports"": 0, ""Business"": 0, ""Sci/Tech"": 0}",5,5,1.0,1
145,World,World,"Israel kills 5 in strike at Hamas activist Islamic group #39;s armed wing, the Izz el-Deen al-Qassam Brigades. Doctors said he suffered leg wounds. ","{""World"": 5, ""Sports"": 0, ""Business"": 0, ""Sci/Tech"": 0}",5,5,1.0,1
146,Sports,Sports,"Zambrano Out Early; So Are Mets ENVER, Aug. 17 - Victor Zambrano came to the Mets with radical movement on his pitches, fixable flaws in his delivery and a curious sore spot lingering around his right elbow. ","{""World"": 0, ""Sports"": 5, ""Business"": 0, ""Sci/Tech"": 0}",5,5,1.0,1
147,Business,Business,"Dollar Stuck, CPI Offers Little Direction  TOKYO (Reuters) - The dollar moved in tight ranges on  Wednesday as most investors shrugged off lower-than-expected  U.S. inflation data and stuck to the view the U.S. Federal  Reserve would continue raising rates.","{""World"": 0, ""Sports"": 0, ""Business"": 5, ""Sci/Tech"": 0}",5,5,1.0,1
148,Sports,Sports,"St. Louis Cardinals News Right-hander Matt Morris threw seven solid innings, but the Cardinals needed a bases-loaded walk to second baseman Tony Womack and a grand slam from new right fielder Larry Walker to key a six-run eighth inning for a ...","{""World"": 0, ""Sports"": 5, ""Business"": 0, ""Sci/Tech"": 0}",5,5,1.0,1
149,Sports,World,"Greek sprinters arrive at IOC hearing ATHENS (Reuters) - Greek sprinters Costas Kenteris and Katerina Thanou have arrived at an Athens hotel for an International Olympic Committee (IOC) hearing into their missed doped tests, a saga that has shamed and angered the Olympic host ...","{""World"": 4, ""Sports"": 0, ""Business"": 1, ""Sci/Tech"": 0}",4,5,0.8,0
150,Sports,Business,Flop in the ninth inning sinks Jays BOSTON -- The Toronto Blue Jays have had worse hitting games this season against lesser pitchers than Pedro Martinez. ,"{""World"": 0, ""Sports"": 0, ""Business"": 5, ""Sci/Tech"": 0}",5,5,1.0,0
151,World,World,"Fresh Fighting Shatters Short-Lived Ceasefire Deal Renewed clashes in South Ossetia, which resulted in death of two Georgian soldiers, erupted late on August 17, several hours after the South Ossetian and Georgian officials agreed on ceasefire. As a result Tbilisi has already announced that it will not ...","{""World"": 5, ""Sports"": 0, ""Business"": 0, ""Sci/Tech"": 0}",5,5,1.0,1
152,Sports,Sports,"Hamm hopes to get on a roll Paul Hamm takes another shot at history tonight, when he'll try to become the first American to win the Olympic men's all-around in gymnastics.","{""World"": 0, ""Sports"": 5, ""Business"": 0, ""Sci/Tech"": 0}",5,5,1.0,1
153,World,World,Karzai Promises Afghans Security for Election (Reuters) Reuters - Afghanistan's President Hamid Karzai\promised Afghans greater security when they go to vote in the\country's first ever democratic election during an independence\day speech on Wednesday.,"{""World"": 5, ""Sports"": 0, ""Business"": 0, ""Sci/Tech"": 0}",5,5,1.0,1
154,World,Business,"Google Lowers Its IPO Price Range SAN JOSE, Calif. - In a sign that Google Inc.'s initial public offering isn't as popular as expected, the company lowered its estimated price range to between \$85 and \$95 per share, down from the earlier prediction of \$108 and \$135 per share...","{""World"": 0, ""Sports"": 0, ""Business"": 5, ""Sci/Tech"": 0}",5,5,1.0,0
155,World,Business,"Future Doctors, Crossing Borders Students at the Mount Sinai School of Medicine learn that diet and culture shape health in East Harlem.","{""World"": 1, ""Sports"": 0, ""Business"": 3, ""Sci/Tech"": 1}",3,5,0.6,0
156,Business,Business,Oil Sets New Record \$47 on Iraq Threat  LONDON (Reuters) - Oil prices surged to a new high of \$47 a  barrel on Wednesday after a new threat by rebel militia against  Iraqi oil facilities and as the United States said inflation  had stayed in check despite rising energy costs.,"{""World"": 0, ""Sports"": 0, ""Business"": 5, ""Sci/Tech"": 0}",5,5,1.0,1
157,Sports,World,Greek sprinters quit to end Games scandal ATHENS (Reuters) - Greece #39;s two top athletes have pulled out of the Athens Olympics and apologised to the Greek people for a scandal over missed dope tests that has tarnished the Games #39; return to their birthplace. ,"{""World"": 3, ""Sports"": 2, ""Business"": 0, ""Sci/Tech"": 0}",3,5,0.6,0
158,Sports,Sports,"Phelps Eyes Fourth Gold  ATHENS (Reuters) - A weary Michael Phelps targeted his  fourth Olympic gold medal in Athens, turning his attention on  Wednesday to the 200 meters individual medley and settling for  the second-fastest overall time in the heats.","{""World"": 0, ""Sports"": 5, ""Business"": 0, ""Sci/Tech"": 0}",5,5,1.0,1
159,World,World,Israel Kills 5 in Attempt to Assassinate Hamas Man  GAZA (Reuters) - A senior Hamas leader survived an Israeli  assassination attempt in the Gaza Strip Wednesday but at least  five other Palestinians were killed in the explosion that tore  through his home.,"{""World"": 5, ""Sports"": 0, ""Business"": 0, ""Sci/Tech"": 0}",5,5,1.0,1
160,Sports,Sports,"Giants win 6th straight, but Schmidt is injured SAN FRANCISCO -- With the first doubleheader at SBC Park set to go off, today already stood to be a long workday for the Giants. It will come on the heels of an even longer night. ","{""World"": 0, ""Sports"": 5, ""Business"": 0, ""Sci/Tech"": 0}",5,5,1.0,1
161,Business,Business,SEC may put end to quid pro quo (USATODAY.com) USATODAY.com - The Securities and Exchange Commission is expected to vote Wednesday to prohibit mutual fund companies from funneling stock trades to brokerage firms that agree to promote their funds to investors.,"{""World"": 1, ""Sports"": 0, ""Business"": 4, ""Sci/Tech"": 0}",4,5,0.8,1
162,Sci/Tech,Business,"Real targets iPod with download price cut RealNetworks has kicked off what it claims is the biggest online music sale in history. For a limited time, every song in the firm #39;s RealPlayer Music Store can be downloaded for 49 cents, with most albums available for \$4.99. ","{""World"": 1, ""Sports"": 1, ""Business"": 3, ""Sci/Tech"": 0}",3,5,0.6,0
163,World,World,"Philippine Rebels Free Troops, Talks in Doubt  PRESENTACION, Philippines (Reuters) - Philippine communist  rebels freed Wednesday two soldiers they had held as ""prisoners  of war"" for more than five months, saying they wanted to  rebuild confidence in peace talks with the government.","{""World"": 5, ""Sports"": 0, ""Business"": 0, ""Sci/Tech"": 0}",5,5,1.0,1
164,World,World,"British Terror Suspects Make First Court Appearance  LONDON (Reuters) - British terror suspects charged in a  plot linked to security alerts at financial targets in New  York, New Jersey and Washington made their first court  appearance Wednesday inside a high security prison.","{""World"": 5, ""Sports"": 0, ""Business"": 0, ""Sci/Tech"": 0}",5,5,1.0,1
165,Business,Business,"UPDATE: China Mobile 1H Net Up 7.8 On Subscriber Growth HONG KONG (Dow Jones)--China Mobile (Hong Kong) Ltd. (CHL), the listed unit of China #39;s biggest cellular phone operator, posted Wednesday a 7.8 rise in first-half net profit on a 23 increase in its subscriber base. ","{""World"": 0, ""Sports"": 0, ""Business"": 5, ""Sci/Tech"": 0}",5,5,1.0,1
166,Business,Business,"Monsanto Says Justice Dept Closes Inquiry  NEW YORK (Reuters) - Monsanto Co. &lt;A HREF=""http://www.investor.reuters.com/FullQuote.aspx?ticker=MON.N target=/stocks/quickinfo/fullquote""&gt;MON.N&lt;/A&gt; on Wednesday said  the U.S. Justice Department has closed an inquiry into  potential antitrust issues regarding a key ingredient used in  its Roundup herbicide.","{""World"": 0, ""Sports"": 0, ""Business"": 5, ""Sci/Tech"": 0}",5,5,1.0,1
167,Business,Business,Cox Communications forms committee to advise on buyout Cox Communications Inc. #39;s board of directors has formed a special committee of independent directors to consider Cox Enterprises Inc. #39;s proposal to take the company private in a \$8 billion stock buyout. ,"{""World"": 0, ""Sports"": 0, ""Business"": 5, ""Sci/Tech"": 0}",5,5,1.0,1
168,Sports,World,Afghan women make brief Olympic debut Afghan women made a short-lived debut in the Olympic Games on Wednesday as 18-year-old judo wildcard Friba Razayee was defeated after 45 seconds of her first match in the under-70kg middleweight. ,"{""World"": 4, ""Sports"": 1, ""Business"": 0, ""Sci/Tech"": 0}",4,5,0.8,0
169,World,World,"North Korea peace efforts in peril THE international effort to end the North Korean nuclear crisis appears at risk of unravelling, despite Foreign Minister Alexander Downer #39;s high-profile mission to the secretive Stalinist state. ","{""World"": 4, ""Sports"": 0, ""Business"": 1, ""Sci/Tech"": 0}",4,5,0.8,1
170,Sci/Tech,World,"10 features for a perfect browser   There are some  great  browsers  out there. But they all seem to have some slight niggles, different for  each, that make it hard for me to kick back and enjoy them.        While there are some projects out there to make browsers more useful for  some specialised purposes  or by bolting on handy  extensions, wouldn't it be great if these people could come up with a  standardised set of nice features like these? A lot of browsers may support  one or two, but I'll bet none have them all.  ","{""World"": 4, ""Sports"": 0, ""Business"": 1, ""Sci/Tech"": 0}",4,5,0.8,0
171,Sci/Tech,Business,Cops Test Handheld Fingerprint Reader Several Minnesota police departments are field testing a handheld device that scans a suspect's fingerprint and digitally checks it against Minnesota's criminal history and fingerprint database.,"{""World"": 1, ""Sports"": 0, ""Business"": 4, ""Sci/Tech"": 0}",4,5,0.8,0
172,Business,Business,Ross Stores Profit Plummets 40 Percent (AP) AP - Discount retailer Ross Stores Inc. Wednesday said its profit fell about 40 percent in the latest quarter due to problems with a new computer system that limited the company's ability to respond to changes in customer demand.,"{""World"": 0, ""Sports"": 0, ""Business"": 5, ""Sci/Tech"": 0}",5,5,1.0,1
173,Sci/Tech,World,"Small computers can have multiple personalities, too BOSTON The jury is still out on whether a computer can ever truly be intelligent, but there is no question that it can have multiple personalities. It #39;s just a matter of software. We usually think of the processor chip as the brains of a computer. The ...","{""World"": 3, ""Sports"": 0, ""Business"": 1, ""Sci/Tech"": 1}",3,5,0.6,0
174,World,World,"Rebel threat on the roads leaves Katmandu isolated KATMANDU, Nepal The Nepali capital was largely cut off from the rest of the country on Wednesday after Maoist rebels threatened to attack any vehicles traveling on main roads, in a virtual blockade of Katmandu to press their demands for the release of ...","{""World"": 5, ""Sports"": 0, ""Business"": 0, ""Sci/Tech"": 0}",5,5,1.0,1
175,World,World,"Immigrants settled in big cities, but less likely to find work: StatsCan (Canadian Press) Canadian Press - OTTAWA (CP) - Most of the nearly two million immigrants who arrived in Canada during the 1990s settled in one of the country's 27 census metropolitan areas, but still found it harder to find work than natural-born citizens, Statistics Canada reported Wednesday.","{""World"": 4, ""Sports"": 0, ""Business"": 1, ""Sci/Tech"": 0}",4,5,0.8,1
176,Sci/Tech,Business,"Sun postpones September user show Sun Microsystems Inc. has decided to postpone its September SunNetwork 2004 San Francisco user conference, and is contemplating merging the event with its JavaOne 2005 developer conference, scheduled for the end of June 2005.","{""World"": 2, ""Sports"": 0, ""Business"": 3, ""Sci/Tech"": 0}",3,5,0.6,0
177,Sports,Sports,Olympics: Emotional Zijlaard-van Moorsel defends time trial title ATHENS : Dutch cycling great Leontien Zijlaard-van Moorsel emotionally defended her Olympic time trial gold medal here. ,"{""World"": 0, ""Sports"": 5, ""Business"": 0, ""Sci/Tech"": 0}",5,5,1.0,1
178,Sci/Tech,Business,"Oracle launches Business Integlligence 10g Oracle introduced a new BI platform yesterday, Business Intelligence 10g that rolls up into one solution all of their BI tools. However, more interesting than the nitty-gritty details of what is included is the back story taking place at the same time.","{""World"": 0, ""Sports"": 0, ""Business"": 5, ""Sci/Tech"": 0}",5,5,1.0,0
179,Sports,Sports,Dutch cyclist defends Olympic gold AMSTERDAM  Cyclist Leontien Zijlaard-Van Moorsel won the first gold medal for the Netherlands at the Athens Olympic Games on Wednesday. ,"{""World"": 2, ""Sports"": 3, ""Business"": 0, ""Sci/Tech"": 0}",3,5,0.6,1
180,Business,Business,"Kroger's Profit Up; Price Cuts Weigh  NEW YORK (Reuters) - Kroger Co., the top U.S. grocer, on  Tuesday posted a 29 percent rise in quarterly profit due to  cost controls, but price cuts to lure shoppers caused earnings  to miss Wall Street estimates and shares fell.","{""World"": 0, ""Sports"": 0, ""Business"": 5, ""Sci/Tech"": 0}",5,5,1.0,1
181,Sports,Sports,"Expanding West Major League Soccer's two expansion teams, Real Salt Lake and Club Deportivo Chivas USA, will join the Western Conference for the 2005 season.","{""World"": 0, ""Sports"": 5, ""Business"": 0, ""Sci/Tech"": 0}",5,5,1.0,1
182,Sports,Sports,Pacers Activate Foster From Injured List (AP) AP - The Indiana Pacers activated center Jeff Foster from the injured list Tuesday.,"{""World"": 0, ""Sports"": 4, ""Business"": 1, ""Sci/Tech"": 0}",4,5,0.8,1
183,Sci/Tech,Business,"Microsoft finalises three-year government deal Hot on the heels of its 10-year strategic partnership with the London Borough of Newham, Microsoft is close to signing a new broad three-year public sector agreement with the government. ","{""World"": 1, ""Sports"": 0, ""Business"": 4, ""Sci/Tech"": 0}",4,5,0.8,0
184,Business,World,"Airlines Agree to Cut Flights at Chicago O'Hare  CHICAGO (Reuters) - U.S. airlines have agreed to limit  flights into Chicago's O'Hare International Airport to 88  arrivals per hour between 7 a.m. and 8 p.m. in an effort to cut  congestion that has slowed the whole U.S. aviation system,  federal officials said on Wednesday.","{""World"": 3, ""Sports"": 0, ""Business"": 2, ""Sci/Tech"": 0}",3,5,0.6,0
185,World,World,"Russia ready to contribute to settlement of South Ossetia conflict: Putin MOSCOW, Aug. 18 (Xinhuanet) -- Russian President Vladimir Putin said Wednesday that Russia is ready to contribute to a settlement of conflict between Georgia and its separatist province of South Ossetia. ","{""World"": 4, ""Sports"": 0, ""Business"": 1, ""Sci/Tech"": 0}",4,5,0.8,1
186,Sci/Tech,Sci/Tech,"NASA confident of debris solution Six months before NASA plans to return the shuttle to space, officials think they #39;ve essentially solved the problem that doomed Columbia in 2003 -- debris coming off its fuel ","{""World"": 0, ""Sports"": 1, ""Business"": 1, ""Sci/Tech"": 3}",3,5,0.6,1
187,World,World,"Burundi Police Forcibly Disperse Tutsi Protest Police in Burundi #39;s capital, Bujumbura, used tear gas to break up a demonstration Wednesday held to protest the massacre of Congolese Tutsi refugees. ","{""World"": 5, ""Sports"": 0, ""Business"": 0, ""Sci/Tech"": 0}",5,5,1.0,1
188,Sports,World,"Veterans Committee counts for little The Hall of Fame released the latest Veterans Committee ballot yesterday. As you might (or might not) remember, there #39;s a (nearly) new committee in town.","{""World"": 5, ""Sports"": 0, ""Business"": 0, ""Sci/Tech"": 0}",5,5,1.0,0
189,Sci/Tech,Business,Drive maker files counterclaims in patent suit Cornice blasts Seagate's suit over patents for tiny hard drives used in portable gadgets.,"{""World"": 0, ""Sports"": 0, ""Business"": 5, ""Sci/Tech"": 0}",5,5,1.0,0
190,Sci/Tech,World,"HP moves network scanning software into beta CHICAGO - Hewlett-Packard(HP) has moved its Active Counter Measures network security software into beta tests with a select group of European and North American customers in hopes of readying the product for a 2005 release, an HP executive said at the HP World conference here in Chicago Wednesday.","{""World"": 5, ""Sports"": 0, ""Business"": 0, ""Sci/Tech"": 0}",5,5,1.0,0
191,World,World,"Martin announces major overhaul of key staff in Prime Minister's Office (Canadian Press) Canadian Press - OTTAWA (CP) - Paul Martin announced a major overhaul of his senior staff Wednesday, with several close confidants and one ex-cabinet minister handed major roles in the Prime Minister's Office in a post-election shakeup.","{""World"": 3, ""Sports"": 0, ""Business"": 2, ""Sci/Tech"": 0}",3,5,0.6,1
192,World,World,"Kerry assails Bush troop withdrawal plan (AFP) AFP - Democratic White House hopeful Senator John Kerry warned that President George W. Bush's plan to withdraw 70,000 troops from Europe and Asia would hinder the war on terrorism and embolden North Korea.","{""World"": 4, ""Sports"": 0, ""Business"": 1, ""Sci/Tech"": 0}",4,5,0.8,1
193,World,World,Iraq cleric 'to end Najaf revolt' Shia cleric Moqtada Sadr reportedly agrees to end an uprising in the holy Iraqi city of Najaf.,"{""World"": 4, ""Sports"": 0, ""Business"": 1, ""Sci/Tech"": 0}",4,5,0.8,1
194,Business,Business,"Medtronic Quarterly Earnings Rise  CHICAGO (Reuters) - Medtronic Inc. &lt;A HREF=""http://www.investor.reuters.com/FullQuote.aspx?ticker=MDT.N target=/stocks/quickinfo/fullquote""&gt;MDT.N&lt;/A&gt; on Wednesday  said its quarterly earnings rose amid brisk demand for devices  that manage irregular heart beats and products used to treat  the spine.","{""World"": 1, ""Sports"": 0, ""Business"": 4, ""Sci/Tech"": 0}",4,5,0.8,1
195,Business,Business,Airlines Agree to Cuts at O'Hare Federal officials today announced plans to temporarily cut 37 flights operating at Chicago's O'Hare International Airport to help reduce the delay problems that ripple across the country.,"{""World"": 2, ""Sports"": 0, ""Business"": 3, ""Sci/Tech"": 0}",3,5,0.6,1
196,World,Business,"Stock Prices Climb Ahead of Google IPO NEW YORK - Investors shrugged off rising crude futures Wednesday to capture well-priced shares, sending the Nasdaq composite index up 1.6 percent ahead of Google Inc.'s much-anticipated initial public offering of stock.    In afternoon trading, the Dow Jones industrial average gained 67.10, or 0.7 percent, to 10,039.93...","{""World"": 0, ""Sports"": 0, ""Business"": 5, ""Sci/Tech"": 0}",5,5,1.0,0
197,Sports,Sports,Today in Athens Leontien Zijlaard-van Moorsel of the Netherlands wipes a tear after winning the gold medal in the women #39;s road cycling individual time trial at the Vouliagmeni Olympic Centre in Athens on Wednesday. ,"{""World"": 1, ""Sports"": 4, ""Business"": 0, ""Sci/Tech"": 0}",4,5,0.8,1
198,Business,Business,"Medtronic Quarterly Net Up  CHICAGO (Reuters) - Medtronic Inc. &lt;A HREF=""http://www.investor.reuters.com/FullQuote.aspx?ticker=MDT.N target=/stocks/quickinfo/fullquote""&gt;MDT.N&lt;/A&gt; on Wednesday  said its quarterly earnings rose on brisk demand for devices  that manage irregular heart beats and products used to treat  the spine.","{""World"": 1, ""Sports"": 0, ""Business"": 4, ""Sci/Tech"": 0}",4,5,0.8,1
199,Sports,World,Greek sprinters quit Games ATHENS (Reuters) - Greece #39;s top two sprinters have quit the Olympic Games after submitting their country to six days of embarrassment in a hide-and-seek contest with anti-doping enforcers. ,"{""World"": 4, ""Sports"": 0, ""Business"": 1, ""Sci/Tech"": 0}",4,5,0.8,0
